"captured_at_utc","captured_at_ist","observed_at_utc","total_reserved_shares","total_confirmed_bids","total_subscription_x","retail_reserved_shares","retail_confirmed_bids","retail_subscription_x","nii_reserved_shares","nii_confirmed_bids","nii_subscription_x","qib_reserved_shares","qib_confirmed_bids","qib_subscription_x"
"2026-08-20T07:06:00Z","2026-08-20 12:36:00 +05:30","2026-08-20T07:19:10.666460Z","15181667.0000","43779500.0000","2.883708","7565834.0000","26396150.0000","3.488862","3242500.0000","17045600.0000","5.256931","4323333.0000","83150.0000","0.019233"
"2026-08-20T07:15:00Z","2026-08-20 12:45:00 +05:30","2026-08-20T07:24:05.306269Z","15181667.0000","45594100.0000","3.003234","7565834.0000","27328150.0000","3.612047","3242500.0000","17918800.0000","5.526230","4323333.0000","86500.0000","0.020008"
"2026-08-20T07:21:00Z","2026-08-20 12:51:00 +05:30","2026-08-20T07:29:16.023218Z","15181667.0000","46704550.0000","3.076378","7565834.0000","27951800.0000","3.694477","3242500.0000","18401950.0000","5.675235","4323333.0000","86500.0000","0.020008"
"2026-08-20T07:24:00Z","2026-08-20 12:54:00 +05:30","2026-08-20T07:34:18.477891Z","15181667.0000","47082200.0000","3.101254","7565834.0000","28106350.0000","3.714904","3242500.0000","18623950.0000","5.743701","4323333.0000","86500.0000","0.020008"
"2026-08-20T07:33:00Z","2026-08-20 13:03:00 +05:30","2026-08-20T07:39:19.671619Z","15181667.0000","48393550.0000","3.187631","7565834.0000","28837250.0000","3.811510","3242500.0000","19196100.0000","5.920154","4323333.0000","87200.0000","0.020170"
"2026-08-20T07:36:00Z","2026-08-20 13:06:00 +05:30","2026-08-20T07:44:24.951680Z","15181667.0000","48922850.0000","3.222495","7565834.0000","29127300.0000","3.849847","3242500.0000","19433450.0000","5.993354","4323333.0000","87200.0000","0.020170"
"2026-08-20T07:42:00Z","2026-08-20 13:12:00 +05:30","2026-08-20T07:49:24.000067Z","15181667.0000","50036950.0000","3.295880","7565834.0000","29760050.0000","3.933479","3242500.0000","19910350.0000","6.140432","4323333.0000","88600.0000","0.020493"
"2026-08-20T07:45:00Z","2026-08-20 13:15:00 +05:30","2026-08-20T07:54:10.260591Z","15181667.0000","50601300.0000","3.333053","7565834.0000","30072200.0000","3.974737","3242500.0000","20160150.0000","6.217471","4323333.0000","88600.0000","0.020493"
"2026-08-20T07:51:00Z","2026-08-20 13:21:00 +05:30","2026-08-20T07:59:35.240910Z","15181667.0000","51733500.0000","3.407630","7565834.0000","30658000.0000","4.052164","3242500.0000","20698800.0000","6.383593","4323333.0000","91950.0000","0.021268"
"2026-08-20T07:54:00Z","2026-08-20 13:24:00 +05:30","2026-08-20T08:04:08.393732Z","15181667.0000","52182700.0000","3.437218","7565834.0000","30904450.0000","4.084738","3242500.0000","20899250.0000","6.445412","4323333.0000","91950.0000","0.021268"
"2026-08-20T08:00:00Z","2026-08-20 13:30:00 +05:30","2026-08-20T08:09:31.058838Z","15181667.0000","53309200.0000","3.511419","7565834.0000","31521500.0000","4.166295","3242500.0000","21399100.0000","6.599568","4323333.0000","96000.0000","0.022205"
"2026-08-20T08:06:00Z","2026-08-20 13:36:00 +05:30","2026-08-20T08:14:36.515017Z","15181667.0000","53997700.0000","3.556770","7565834.0000","31903750.0000","4.216819","3242500.0000","21694300.0000","6.690609","4323333.0000","103500.0000","0.023940"
"2026-08-20T08:12:00Z","2026-08-20 13:42:00 +05:30","2026-08-20T08:19:17.430898Z","15181667.0000","55113350.0000","3.630257","7565834.0000","32558650.0000","4.303379","3242500.0000","22148850.0000","6.830794","4323333.0000","103500.0000","0.023940"
"2026-08-20T08:15:00Z","2026-08-20 13:45:00 +05:30","2026-08-20T08:24:29.695983Z","15181667.0000","55540800.0000","3.658412","7565834.0000","32786250.0000","4.333461","3242500.0000","22346900.0000","6.891874","4323333.0000","103500.0000","0.023940"
"2026-08-20T08:21:00Z","2026-08-20 13:51:00 +05:30","2026-08-20T08:29:21.302135Z","15181667.0000","57028300.0000","3.756392","7565834.0000","33568500.0000","4.436854","3242500.0000","23047600.0000","7.107972","4323333.0000","103500.0000","0.023940"
"2026-08-20T08:27:00Z","2026-08-20 13:57:00 +05:30","2026-08-20T08:34:24.254379Z","15181667.0000","58001550.0000","3.820499","7565834.0000","34119900.0000","4.509734","3242500.0000","23462600.0000","7.235960","4323333.0000","106300.0000","0.024588"
"2026-08-20T08:30:00Z","2026-08-20 14:00:00 +05:30","2026-08-20T08:39:34.332067Z","15181667.0000","58554200.0000","3.856902","7565834.0000","34420350.0000","4.549446","3242500.0000","23712400.0000","7.312999","4323333.0000","107000.0000","0.024749"
"2026-08-20T08:36:00Z","2026-08-20 14:06:00 +05:30","2026-08-20T08:44:25.011603Z","15181667.0000","63119100.0000","4.157587","7565834.0000","35723450.0000","4.721680","3242500.0000","26967700.0000","8.316947","4323333.0000","107700.0000","0.024911"
"2026-08-20T08:42:00Z","2026-08-20 14:12:00 +05:30","2026-08-20T08:49:13.122786Z","15181667.0000","64169150.0000","4.226753","7565834.0000","36297250.0000","4.797521","3242500.0000","27437700.0000","8.461897","4323333.0000","109800.0000","0.025397"
"2026-08-20T08:45:00Z","2026-08-20 14:15:00 +05:30","2026-08-20T08:54:15.127795Z","15181667.0000","64450800.0000","4.245305","7565834.0000","36450850.0000","4.817823","3242500.0000","27564200.0000","8.500910","4323333.0000","109800.0000","0.025397"
"2026-08-20T08:51:00Z","2026-08-20 14:21:00 +05:30","2026-08-20T08:59:12.911222Z","15181667.0000","65414900.0000","4.308809","7565834.0000","36956250.0000","4.884623","3242500.0000","28016000.0000","8.640247","4323333.0000","110800.0000","0.025628"
"2026-08-20T08:57:00Z","2026-08-20 14:27:00 +05:30","2026-08-20T09:04:06.354884Z","15181667.0000","66441150.0000","4.376407","7565834.0000","37537100.0000","4.961396","3242500.0000","28456100.0000","8.775975","4323333.0000","110800.0000","0.025628"
"2026-08-20T09:00:00Z","2026-08-20 14:30:00 +05:30","2026-08-20T09:09:30.732875Z","15181667.0000","66935450.0000","4.408966","7565834.0000","37806950.0000","4.997063","3242500.0000","28679050.0000","8.844734","4323333.0000","110800.0000","0.025628"
"2026-08-20T09:06:00Z","2026-08-20 14:36:00 +05:30","2026-08-20T09:14:42.287385Z","15181667.0000","68007050.0000","4.479551","7565834.0000","38400450.0000","5.075508","3242500.0000","29149700.0000","8.989884","4323333.0000","112200.0000","0.025952"
"2026-08-20T09:12:00Z","2026-08-20 14:42:00 +05:30","2026-08-20T09:19:15.309487Z","15181667.0000","68919600.0000","4.539660","7565834.0000","38891900.0000","5.140464","3242500.0000","29563550.0000","9.117517","4323333.0000","115700.0000","0.026762"
"2026-08-20T09:18:00Z","2026-08-20 14:48:00 +05:30","2026-08-20T09:24:22.267464Z","15181667.0000","69882450.0000","4.603081","7565834.0000","39456950.0000","5.215149","3242500.0000","29950700.0000","9.236916","4323333.0000","119050.0000","0.027537"
"2026-08-20T09:21:00Z","2026-08-20 14:51:00 +05:30","2026-08-20T09:29:21.548458Z","15181667.0000","70108900.0000","4.617997","7565834.0000","39589950.0000","5.232728","3242500.0000","30042650.0000","9.265274","4323333.0000","119050.0000","0.027537"
"2026-08-20T09:27:00Z","2026-08-20 14:57:00 +05:30","2026-08-20T09:34:18.757843Z","15181667.0000","71082850.0000","4.682151","7565834.0000","40120150.0000","5.302806","3242500.0000","30482350.0000","9.400879","4323333.0000","119050.0000","0.027537"
"2026-08-20T09:30:00Z","2026-08-20 15:00:00 +05:30","2026-08-20T09:39:30.209688Z","15181667.0000","71509650.0000","4.710263","7565834.0000","40352900.0000","5.333569","3242500.0000","30675150.0000","9.460339","4323333.0000","119050.0000","0.027537"
"2026-08-20T09:36:00Z","2026-08-20 15:06:00 +05:30","2026-08-20T09:44:21.759577Z","15181667.0000","72504200.0000","4.775773","7565834.0000","40877700.0000","5.402934","3242500.0000","31137900.0000","9.603053","4323333.0000","122350.0000","0.028300"
"2026-08-20T09:42:00Z","2026-08-20 15:12:00 +05:30","2026-08-20T09:49:18.619626Z","15181667.0000","73405100.0000","4.835115","7565834.0000","41335050.0000","5.463383","3242500.0000","31570250.0000","9.736392","4323333.0000","129050.0000","0.029850"
"2026-08-20T09:45:00Z","2026-08-20 15:15:00 +05:30","2026-08-20T09:54:27.863557Z","15181667.0000","74061100.0000","4.878325","7565834.0000","41571800.0000","5.494675","3242500.0000","31931700.0000","9.847864","4323333.0000","184200.0000","0.042606"
"2026-08-20T09:54:00Z","2026-08-20 15:24:00 +05:30","2026-08-20T10:01:28.899624Z","15181667.0000","75443550.0000","4.969385","7565834.0000","42289400.0000","5.589523","3242500.0000","32587650.0000","10.050162","4323333.0000","184900.0000","0.042768"
"2026-08-20T10:00:00Z","2026-08-20 15:30:00 +05:30","2026-08-20T10:06:09.138337Z","15181667.0000","76167450.0000","5.017068","7565834.0000","42728900.0000","5.647613","3242500.0000","32867300.0000","10.136407","4323333.0000","187000.0000","0.043254"
"2026-08-20T10:06:00Z","2026-08-20 15:36:00 +05:30","2026-08-20T10:11:16.400011Z","15181667.0000","77002650.0000","5.072081","7565834.0000","43130100.0000","5.700641","3242500.0000","33294500.0000","10.268157","4323333.0000","191050.0000","0.044190"
"2026-08-20T10:12:00Z","2026-08-20 15:42:00 +05:30","2026-08-20T10:16:05.124632Z","15181667.0000","77605750.0000","5.111807","7565834.0000","43477500.0000","5.746557","3242500.0000","33546550.0000","10.345891","4323333.0000","191050.0000","0.044190"
"2026-08-20T10:15:00Z","2026-08-20 15:45:00 +05:30","2026-08-20T10:20:49.048560Z","15181667.0000","77824000.0000","5.126183","7565834.0000","43574550.0000","5.759385","3242500.0000","33666800.0000","10.382976","4323333.0000","191050.0000","0.044190"
"2026-08-20T10:21:00Z","2026-08-20 15:51:00 +05:30","2026-08-20T10:25:54.536724Z","15181667.0000","78645000.0000","5.180261","7565834.0000","44015400.0000","5.817653","3242500.0000","34040650.0000","10.498273","4323333.0000","195100.0000","0.045127"
"2026-08-20T10:24:00Z","2026-08-20 15:54:00 +05:30","2026-08-20T10:30:45.164664Z","15181667.0000","79064600.0000","5.207900","7565834.0000","44224550.0000","5.845297","3242500.0000","34246800.0000","10.561850","4323333.0000","195800.0000","0.045289"
"2026-08-20T10:30:00Z","2026-08-20 16:00:00 +05:30","2026-08-20T10:35:53.005042Z","15181667.0000","79598900.0000","5.243094","7565834.0000","44545450.0000","5.887712","3242500.0000","34456400.0000","10.626492","4323333.0000","195800.0000","0.045289"
"2026-08-20T10:36:00Z","2026-08-20 16:06:00 +05:30","2026-08-20T10:40:58.971550Z","15181667.0000","80112600.0000","5.276930","7565834.0000","44835850.0000","5.926095","3242500.0000","34673700.0000","10.693508","4323333.0000","197900.0000","0.045775"
"2026-08-20T10:42:00Z","2026-08-20 16:12:00 +05:30","2026-08-20T10:45:47.317170Z","15181667.0000","80863300.0000","5.326378","7565834.0000","45189000.0000","5.972772","3242500.0000","35065850.0000","10.814449","4323333.0000","197900.0000","0.045775"
"2026-08-20T10:45:00Z","2026-08-20 16:15:00 +05:30","2026-08-20T10:50:53.565263Z","15181667.0000","81071950.0000","5.340122","7565834.0000","45293100.0000","5.986531","3242500.0000","35131450.0000","10.834680","4323333.0000","197900.0000","0.045775"
"2026-08-20T10:51:00Z","2026-08-20 16:21:00 +05:30","2026-08-20T10:56:07.119140Z","15181667.0000","85236950.0000","5.614466","7565834.0000","46535600.0000","6.150756","3242500.0000","38047600.0000","11.734032","4323333.0000","198600.0000","0.045937"
"2026-08-20T10:54:00Z","2026-08-20 16:24:00 +05:30","2026-08-20T11:00:44.554860Z","15181667.0000","85452400.0000","5.628657","7565834.0000","46654250.0000","6.166438","3242500.0000","38143700.0000","11.763670","4323333.0000","198600.0000","0.045937"
"2026-08-20T11:00:00Z","2026-08-20 16:30:00 +05:30","2026-08-20T11:06:05.769209Z","15181667.0000","86007000.0000","5.665188","7565834.0000","46954950.0000","6.206183","3242500.0000","38395600.0000","11.841357","4323333.0000","198600.0000","0.045937"
"2026-08-20T11:06:00Z","2026-08-20 16:36:00 +05:30","2026-08-20T11:10:54.190632Z","15181667.0000","86429250.0000","5.693001","7565834.0000","47222700.0000","6.241572","3242500.0000","38548200.0000","11.888419","4323333.0000","198600.0000","0.045937"
"2026-08-20T11:12:00Z","2026-08-20 16:42:00 +05:30","2026-08-20T11:15:53.928116Z","15181667.0000","86873200.0000","5.722244","7565834.0000","47456150.0000","6.272428","3242500.0000","38756150.0000","11.952552","4323333.0000","199300.0000","0.046099"
"2026-08-20T11:15:00Z","2026-08-20 16:45:00 +05:30","2026-08-20T11:21:11.002985Z","15181667.0000","87096650.0000","5.736962","7565834.0000","47601500.0000","6.291639","3242500.0000","38833600.0000","11.976438","4323333.0000","199300.0000","0.046099"
"2026-08-20T11:21:00Z","2026-08-20 16:51:00 +05:30","2026-08-20T11:26:13.138335Z","15181667.0000","88950800.0000","5.859093","7565834.0000","48302250.0000","6.384260","3242500.0000","39981600.0000","12.330486","4323333.0000","199300.0000","0.046099"
"2026-08-20T11:24:00Z","2026-08-20 16:54:00 +05:30","2026-08-20T11:30:47.232217Z","15181667.0000","89386300.0000","5.887779","7565834.0000","48525450.0000","6.413761","3242500.0000","40192150.0000","12.395420","4323333.0000","200000.0000","0.046261"
"2026-08-20T11:30:00Z","2026-08-20 17:00:00 +05:30","2026-08-20T11:35:59.847843Z","15181667.0000","89996050.0000","5.927943","7565834.0000","48759050.0000","6.444637","3242500.0000","40533200.0000","12.500601","4323333.0000","233600.0000","0.054032"
"2026-08-21T04:30:00Z","2026-08-21 10:00:00 +05:30","2026-08-21T04:35:35.435911Z","15181667.0000","95285300.0000","6.276340","7565834.0000","52389150.0000","6.924438","3242500.0000","42150900.0000","12.999507","4323333.0000","233600.0000","0.054032"
"2026-08-21T04:36:00Z","2026-08-21 10:06:00 +05:30","2026-08-21T04:40:29.297225Z","15181667.0000","101228100.0000","6.667786","7565834.0000","53975600.0000","7.134124","3242500.0000","46488200.0000","14.337147","4323333.0000","245200.0000","0.056716"
"2026-08-21T04:42:00Z","2026-08-21 10:12:00 +05:30","2026-08-21T04:45:57.211260Z","15181667.0000","107893250.0000","7.106812","7565834.0000","57131100.0000","7.551197","3242500.0000","49976600.0000","15.412984","4323333.0000","245900.0000","0.056877"
"2026-08-21T04:45:00Z","2026-08-21 10:15:00 +05:30","2026-08-21T04:50:50.373817Z","15181667.0000","110731050.0000","7.293735","7565834.0000","58740900.0000","7.763969","3242500.0000","51192150.0000","15.787864","4323333.0000","246600.0000","0.057039"
"2026-08-21T04:51:00Z","2026-08-21 10:21:00 +05:30","2026-08-21T04:55:56.320942Z","15181667.0000","115804000.0000","7.627884","7565834.0000","61205950.0000","8.089782","3242500.0000","53775000.0000","16.584426","4323333.0000","246600.0000","0.057039"
"2026-08-21T04:57:00Z","2026-08-21 10:27:00 +05:30","2026-08-21T05:00:32.967932Z","15181667.0000","120293800.0000","7.923623","7565834.0000","63959900.0000","8.453781","3242500.0000","55466300.0000","17.106029","4323333.0000","252050.0000","0.058300"
"2026-08-21T05:00:00Z","2026-08-21 10:30:00 +05:30","2026-08-21T05:05:30.404040Z","15181667.0000","122340600.0000","8.058443","7565834.0000","65184800.0000","8.615679","3242500.0000","56272350.0000","17.354618","4323333.0000","252750.0000","0.058462"
"2026-08-21T05:06:00Z","2026-08-21 10:36:00 +05:30","2026-08-21T05:10:40.736055Z","15181667.0000","126137950.0000","8.308570","7565834.0000","67431600.0000","8.912646","3242500.0000","57795500.0000","17.824364","4323333.0000","252750.0000","0.058462"
"2026-08-21T05:12:00Z","2026-08-21 10:42:00 +05:30","2026-08-21T05:15:55.775548Z","15181667.0000","131069600.0000","8.633413","7565834.0000","69741950.0000","9.218012","3242500.0000","60383350.0000","18.622467","4323333.0000","253450.0000","0.058624"
"2026-08-21T05:15:00Z","2026-08-21 10:45:00 +05:30","2026-08-21T05:20:54.099446Z","15181667.0000","133247700.0000","8.776882","7565834.0000","70889300.0000","9.369661","3242500.0000","61397550.0000","18.935251","4323333.0000","253450.0000","0.058624"
"2026-08-21T05:21:00Z","2026-08-21 10:51:00 +05:30","2026-08-21T05:25:55.467611Z","15181667.0000","136820950.0000","9.012248","7565834.0000","72733450.0000","9.613408","3242500.0000","63101750.0000","19.460833","4323333.0000","258200.0000","0.059722"
"2026-08-21T05:27:00Z","2026-08-21 10:57:00 +05:30","2026-08-21T05:30:40.861724Z","15181667.0000","140469550.0000","9.252577","7565834.0000","74581850.0000","9.857717","3242500.0000","64877800.0000","20.008574","4323333.0000","261500.0000","0.060486"
"2026-08-21T05:33:00Z","2026-08-21 11:03:00 +05:30","2026-08-21T05:35:58.553431Z","15181667.0000","143390450.0000","9.444974","7565834.0000","76123850.0000","10.061528","3242500.0000","66236300.0000","20.427540","4323333.0000","262200.0000","0.060648"
"2026-08-21T05:36:00Z","2026-08-21 11:06:00 +05:30","2026-08-21T05:40:59.750471Z","15181667.0000","144976900.0000","9.549472","7565834.0000","76907450.0000","10.165099","3242500.0000","67028650.0000","20.671904","4323333.0000","262200.0000","0.060648"
"2026-08-21T05:42:00Z","2026-08-21 11:12:00 +05:30","2026-08-21T05:45:57.671088Z","15181667.0000","148137200.0000","9.757637","7565834.0000","78500400.0000","10.375644","3242500.0000","68567950.0000","21.146631","4323333.0000","269000.0000","0.062221"
"2026-08-21T05:45:00Z","2026-08-21 11:15:00 +05:30","2026-08-21T05:50:50.397929Z","15181667.0000","154943850.0000","10.205984","7565834.0000","79599550.0000","10.520922","3242500.0000","69937700.0000","21.569067","4323333.0000","4592300.0000","1.062213"
"2026-08-21T05:51:00Z","2026-08-21 11:21:00 +05:30","2026-08-21T05:55:53.481986Z","15181667.0000","157764400.0000","10.391771","7565834.0000","81015350.0000","10.708053","3242500.0000","71317800.0000","21.994695","4323333.0000","4599750.0000","1.063936"
"2026-08-21T05:54:00Z","2026-08-21 11:24:00 +05:30","2026-08-21T06:00:38.525082Z","15181667.0000","159309850.0000","10.493568","7565834.0000","81690750.0000","10.797323","3242500.0000","72181100.0000","22.260941","4323333.0000","4600450.0000","1.064098"
"2026-08-21T06:03:00Z","2026-08-21 11:33:00 +05:30","2026-08-21T06:05:40.574444Z","15181667.0000","164087500.0000","10.808266","7565834.0000","84023550.0000","11.105656","3242500.0000","74597350.0000","23.006122","4323333.0000","4601850.0000","1.064422"
"2026-08-21T06:06:00Z","2026-08-21 11:36:00 +05:30","2026-08-21T06:10:45.909555Z","15181667.0000","165408950.0000","10.895309","7565834.0000","84635850.0000","11.186586","3242500.0000","75296950.0000","23.221881","4323333.0000","4605200.0000","1.065197"
"2026-08-21T06:12:00Z","2026-08-21 11:42:00 +05:30","2026-08-21T06:15:54.054731Z","15181667.0000","168116450.0000","11.073649","7565834.0000","85896650.0000","11.353230","3242500.0000","76730850.0000","23.664102","4323333.0000","4607300.0000","1.065682"
"2026-08-21T06:15:00Z","2026-08-21 11:45:00 +05:30","2026-08-21T06:20:49.281670Z","15181667.0000","169449400.0000","11.161449","7565834.0000","86494700.0000","11.432276","3242500.0000","77457600.0000","23.888234","4323333.0000","4608000.0000","1.065844"
"2026-08-21T06:21:00Z","2026-08-21 11:51:00 +05:30","2026-08-21T06:25:48.250603Z","15181667.0000","172769200.0000","11.380121","7565834.0000","87832900.0000","11.609150","3242500.0000","79424950.0000","24.494973","4323333.0000","4609400.0000","1.066168"
"2026-08-21T06:27:00Z","2026-08-21 11:57:00 +05:30","2026-08-21T06:30:51.009962Z","15181667.0000","175581300.0000","11.565350","7565834.0000","89099650.0000","11.776580","3242500.0000","80951850.0000","24.965875","4323333.0000","4613450.0000","1.067105"
"2026-08-21T06:33:00Z","2026-08-21 12:03:00 +05:30","2026-08-21T06:35:59.906321Z","15181667.0000","177648000.0000","11.701482","7565834.0000","90107850.0000","11.909837","3242500.0000","81995000.0000","25.287587","4323333.0000","4614150.0000","1.067267"
"2026-08-21T06:36:00Z","2026-08-21 12:06:00 +05:30","2026-08-21T06:40:53.959411Z","15181667.0000","178927450.0000","11.785758","7565834.0000","90666800.0000","11.983715","3242500.0000","82710550.0000","25.508265","4323333.0000","4614150.0000","1.067267"
"2026-08-21T06:42:00Z","2026-08-21 12:12:00 +05:30","2026-08-21T06:45:46.425716Z","15181667.0000","181643350.0000","11.964651","7565834.0000","91970300.0000","12.156003","3242500.0000","84105550.0000","25.938489","4323333.0000","4618900.0000","1.068366"
"2026-08-21T06:45:00Z","2026-08-21 12:15:00 +05:30","2026-08-21T06:50:33.075301Z","15181667.0000","182982650.0000","12.052869","7565834.0000","92506350.0000","12.226854","3242500.0000","84903800.0000","26.184672","4323333.0000","4618900.0000","1.068366"
"2026-08-21T06:51:00Z","2026-08-21 12:21:00 +05:30","2026-08-21T06:55:45.543571Z","15181667.0000","186553600.0000","12.288084","7565834.0000","93842350.0000","12.403438","3242500.0000","87124650.0000","26.869591","4323333.0000","4620300.0000","1.068689"
"2026-08-21T06:57:00Z","2026-08-21 12:27:00 +05:30","2026-08-21T07:00:56.042232Z","15181667.0000","196275850.0000","12.928478","7565834.0000","95944450.0000","12.681279","3242500.0000","94730700.0000","29.215328","4323333.0000","4621000.0000","1.068851"
"2026-08-21T07:00:00Z","2026-08-21 12:30:00 +05:30","2026-08-21T07:05:39.641462Z","15181667.0000","197566450.0000","13.013489","7565834.0000","96549600.0000","12.761263","3242500.0000","95406100.0000","29.423624","4323333.0000","4624350.0000","1.069626"
"2026-08-21T07:06:00Z","2026-08-21 12:36:00 +05:30","2026-08-21T07:10:54.898662Z","15181667.0000","200287350.0000","13.192711","7565834.0000","97679250.0000","12.910573","3242500.0000","96983000.0000","29.909946","4323333.0000","4625750.0000","1.069950"
"2026-08-21T07:12:00Z","2026-08-21 12:42:00 +05:30","2026-08-21T07:15:44.561207Z","15181667.0000","202522850.0000","13.339961","7565834.0000","98633950.0000","13.036758","3242500.0000","98254950.0000","30.302221","4323333.0000","4625750.0000","1.069950"
"2026-08-21T07:15:00Z","2026-08-21 12:45:00 +05:30","2026-08-21T07:21:13.629807Z","15181667.0000","204230600.0000","13.452449","7565834.0000","99246900.0000","13.117774","3242500.0000","99344900.0000","30.638365","4323333.0000","4626450.0000","1.070112"
"2026-08-21T07:21:00Z","2026-08-21 12:51:00 +05:30","2026-08-21T07:25:46.480035Z","15181667.0000","211027800.0000","13.900173","7565834.0000","100412900.0000","13.271888","3242500.0000","100638650.0000","31.037363","4323333.0000","8954850.0000","2.071284"
"2026-08-21T07:27:00Z","2026-08-21 12:57:00 +05:30","2026-08-21T07:30:40.779863Z","15181667.0000","213366600.0000","14.054227","7565834.0000","101380250.0000","13.399745","3242500.0000","101972700.0000","31.448790","4323333.0000","8983100.0000","2.077818"
"2026-08-21T07:30:00Z","2026-08-21 13:00:00 +05:30","2026-08-21T07:36:08.877884Z","15181667.0000","214577000.0000","14.133955","7565834.0000","101991750.0000","13.480569","3242500.0000","102562800.0000","31.630779","4323333.0000","8986450.0000","2.078593"
"2026-08-21T07:36:00Z","2026-08-21 13:06:00 +05:30","2026-08-21T07:40:44.266751Z","15181667.0000","216954100.0000","14.290532","7565834.0000","103052250.0000","13.620739","3242500.0000","103866650.0000","32.032891","4323333.0000","8989250.0000","2.079241"
"2026-08-21T07:42:00Z","2026-08-21 13:12:00 +05:30","2026-08-21T07:45:41.128814Z","15181667.0000","219611600.0000","14.465579","7565834.0000","104188750.0000","13.770954","3242500.0000","105371450.0000","32.496978","4323333.0000","8996650.0000","2.080952"
"2026-08-21T07:45:00Z","2026-08-21 13:15:00 +05:30","2026-08-21T07:50:49.170835Z","15181667.0000","220451400.0000","14.520895","7565834.0000","104571750.0000","13.821576","3242500.0000","105822250.0000","32.636006","4323333.0000","8997350.0000","2.081114"
"2026-08-21T07:51:00Z","2026-08-21 13:21:00 +05:30","2026-08-21T07:56:00.877424Z","15181667.0000","222939150.0000","14.684761","7565834.0000","105685900.0000","13.968837","3242500.0000","107181450.0000","33.055189","4323333.0000","8999450.0000","2.081600"
"2026-08-21T07:54:00Z","2026-08-21 13:24:00 +05:30","2026-08-21T08:00:58.517573Z","15181667.0000","224216800.0000","14.768918","7565834.0000","106238100.0000","14.041823","3242500.0000","107889700.0000","33.273616","4323333.0000","9010600.0000","2.084179"
"2026-08-21T07:57:00Z","2026-08-21 13:27:00 +05:30","2026-08-21T08:05:32.005460Z","15181667.0000","226279850.0000","14.904809","7565834.0000","107065100.0000","14.151130","3242500.0000","109104350.0000","33.648219","4323333.0000","9024000.0000","2.087278"
"2026-08-21T08:06:00Z","2026-08-21 13:36:00 +05:30","2026-08-21T08:10:57.540337Z","15181667.0000","230014150.0000","15.150784","7565834.0000","108666350.0000","14.362772","3242500.0000","111216300.0000","34.299553","4323333.0000","9034800.0000","2.089777"
"2026-08-21T08:12:00Z","2026-08-21 13:42:00 +05:30","2026-08-21T08:15:50.769869Z","15181667.0000","232431450.0000","15.310008","7565834.0000","109756650.0000","14.506881","3242500.0000","112531000.0000","34.705012","4323333.0000","9038300.0000","2.090586"
"2026-08-21T08:18:00Z","2026-08-21 13:48:00 +05:30","2026-08-21T08:21:04.715815Z","15181667.0000","234499150.0000","15.446206","7565834.0000","110636600.0000","14.623186","3242500.0000","113708150.0000","35.068049","4323333.0000","9039700.0000","2.090910"
"2026-08-21T08:21:00Z","2026-08-21 13:51:00 +05:30","2026-08-21T08:25:40.166389Z","15181667.0000","235893300.0000","15.538037","7565834.0000","111206850.0000","14.698558","3242500.0000","114525250.0000","35.320046","4323333.0000","9041800.0000","2.091396"
"2026-08-21T08:27:00Z","2026-08-21 13:57:00 +05:30","2026-08-21T08:30:38.400410Z","15181667.0000","238347000.0000","15.699659","7565834.0000","112136100.0000","14.821380","3242500.0000","116020800.0000","35.781280","4323333.0000","9062600.0000","2.096207"
"2026-08-21T08:30:00Z","2026-08-21 14:00:00 +05:30","2026-08-21T08:35:37.668033Z","15181667.0000","239593800.0000","15.781785","7565834.0000","112650100.0000","14.889317","3242500.0000","116740750.0000","36.003315","4323333.0000","9069300.0000","2.097757"
"2026-08-21T08:36:00Z","2026-08-21 14:06:00 +05:30","2026-08-21T08:40:51.888889Z","15181667.0000","243259050.0000","16.023211","7565834.0000","113899200.0000","15.054414","3242500.0000","119142000.0000","36.743870","4323333.0000","9073300.0000","2.098682"
"2026-08-21T08:42:00Z","2026-08-21 14:12:00 +05:30","2026-08-21T08:45:45.715922Z","15181667.0000","245623100.0000","16.178928","7565834.0000","114966950.0000","15.195542","3242500.0000","120416300.0000","37.136870","4323333.0000","9084750.0000","2.101330"
"2026-08-21T08:45:00Z","2026-08-21 14:15:00 +05:30","2026-08-21T08:51:00.387632Z","15181667.0000","246665550.0000","16.247593","7565834.0000","115386200.0000","15.250956","3242500.0000","121033250.0000","37.327140","4323333.0000","9085450.0000","2.101492"
"2026-08-21T08:51:00Z","2026-08-21 14:21:00 +05:30","2026-08-21T08:55:51.054565Z","15181667.0000","252859300.0000","16.655569","7565834.0000","116620200.0000","15.414057","3242500.0000","122644000.0000","37.823901","4323333.0000","12422100.0000","2.873269"
"2026-08-21T08:54:00Z","2026-08-21 14:24:00 +05:30","2026-08-21T09:00:32.578652Z","15181667.0000","254072200.0000","16.735461","7565834.0000","117096650.0000","15.477031","3242500.0000","123375300.0000","38.049437","4323333.0000","12422800.0000","2.873431"
"2026-08-21T09:00:00Z","2026-08-21 14:30:00 +05:30","2026-08-21T09:05:46.917344Z","15181667.0000","256454700.0000","16.892394","7565834.0000","118036300.0000","15.601228","3242500.0000","124801600.0000","38.489314","4323333.0000","12430200.0000","2.875143"
"2026-08-21T09:06:00Z","2026-08-21 14:36:00 +05:30","2026-08-21T09:10:55.484618Z","15181667.0000","259056800.0000","17.063791","7565834.0000","119170500.0000","15.751139","3242500.0000","126245100.0000","38.934495","4323333.0000","12442600.0000","2.878011"
"2026-08-21T09:12:00Z","2026-08-21 14:42:00 +05:30","2026-08-21T09:15:49.410475Z","15181667.0000","261630250.0000","17.233302","7565834.0000","120202500.0000","15.887541","3242500.0000","127771300.0000","39.405181","4323333.0000","12447350.0000","2.879110"
"2026-08-21T09:15:00Z","2026-08-21 14:45:00 +05:30","2026-08-21T09:20:51.186051Z","15181667.0000","262497100.0000","17.290400","7565834.0000","120520800.0000","15.929612","3242500.0000","128317250.0000","39.573554","4323333.0000","12448050.0000","2.879272"
"2026-08-21T09:24:00Z","2026-08-21 14:54:00 +05:30","2026-08-21T09:28:23.918901Z","15181667.0000","267942250.0000","17.649066","7565834.0000","122173000.0000","16.147988","3242500.0000","131986450.0000","40.705150","4323333.0000","12556200.0000","2.904287"
